{
    "activation": "ReLU",
    "aggregation": "mean",
    "aggregation_norm": 100,
    "atom_descriptor_scaling": true,
    "atom_descriptors": null,
    "atom_descriptors_path": null,
    "atom_descriptors_size": 0,
    "atom_features_size": 0,
    "atom_messages": false,
    "batch_size": 512,
    "bias": false,
    "bond_feature_scaling": true,
    "bond_features_path": null,
    "bond_features_size": 0,
    "cache_cutoff": 10000,
    "checkpoint_dir": null,
    "checkpoint_path": null,
    "checkpoint_paths": null,
    "class_balance": false,
    "config_path": "./data/DTI/jsons/full_data_hyperparams_w_rkdit.json",
    "crossval_index_dir": null,
    "crossval_index_file": null,
    "crossval_index_sets": null,
    "cuda": true,
    "data_path": "./data/DTI/yeast/all_matrix.csv",
    "dataset_type": "multiclass",
    "depth": 5,
    "device": {
        "_type": "python_object (type = device)",
        "_value": "gASVHwAAAAAAAACMBXRvcmNolIwGZGV2aWNllJOUjARjdWRhlIWUUpQu"
    },
    "dropout": 0.1,
    "empty_cache": false,
    "ensemble_size": 1,
    "epochs": 10,
    "explicit_h": false,
    "extra_metrics": [],
    "features_generator": null,
    "features_only": false,
    "features_path": null,
    "features_scaling": true,
    "features_size": null,
    "ffn_hidden_size": 1100,
    "ffn_num_layers": 2,
    "final_lr": 0.0001,
    "folds_file": null,
    "gpu": null,
    "grad_clip": null,
    "hidden_size": 1100,
    "ignore_columns": null,
    "init_lr": 0.0001,
    "log_frequency": 10,
    "max_data_size": 800000,
    "max_lr": 0.001,
    "metric": "cross_entropy",
    "metrics": [
        "cross_entropy"
    ],
    "minimize_score": true,
    "mpn_shared": false,
    "multiclass_num_classes": 3,
    "no_atom_descriptor_scaling": false,
    "no_bond_features_scaling": false,
    "no_cache_mol": false,
    "no_cuda": false,
    "no_features_scaling": false,
    "num_folds": 3,
    "num_lrs": 1,
    "num_tasks": 1332,
    "num_workers": 0,
    "number_of_molecules": 1,
    "overwrite_default_atom_features": false,
    "overwrite_default_bond_features": false,
    "pytorch_seed": 0,
    "quiet": false,
    "reaction": false,
    "reaction_mode": "reac_diff",
    "reproducibility": {
        "command_line": "python multimodal_learning/target_main.py",
        "git_has_uncommitted_changes": true,
        "git_root": "/home/mazuze/multimodal_learning",
        "git_url": "https://github.com/eyalmazuz/multimodal_learning/tree/7da482c5207c41525c2403c7a4e44c5790d5ea29",
        "time": "Mon Dec 13 11:07:29 2021"
    },
    "resume_experiment": false,
    "save_dir": "./data/DTI/yeast/cps/2021_12_13_11_07_29_evaluation_yeast__checkpoints",
    "save_preds": true,
    "save_smiles_splits": true,
    "seed": 0,
    "separate_test_atom_descriptors_path": null,
    "separate_test_bond_features_path": null,
    "separate_test_features_path": null,
    "separate_test_path": null,
    "separate_val_atom_descriptors_path": null,
    "separate_val_bond_features_path": null,
    "separate_val_features_path": null,
    "separate_val_path": null,
    "show_individual_scores": false,
    "smiles_columns": [
        "Smiles"
    ],
    "split_sizes": {
        "_type": "tuple",
        "_value": [
            0.7,
            0.1,
            0.2
        ]
    },
    "split_type": "scaffold_balanced",
    "target_columns": null,
    "task_names": [
        "AADAT",
        "AAK1",
        "ABAT",
        "ABCB1",
        "ABCB1A",
        "ABCB1B",
        "ABCC1",
        "ABCC8",
        "ABCC9",
        "ABCG2",
        "ABHD6",
        "ABL1",
        "ABL2",
        "ACACA",
        "ACACB",
        "ACE",
        "ACE2",
        "ACHE",
        "ACKR3",
        "ACLY",
        "ACOX1",
        "ACP1",
        "ACR",
        "ACVR1",
        "ACVR1B",
        "ACVR2B",
        "ACVRL1",
        "ADA",
        "ADAM10",
        "ADAM17",
        "ADAM9",
        "ADAMTS4",
        "ADAMTS5",
        "ADCK4",
        "ADCY1",
        "ADCY5",
        "ADK",
        "ADM",
        "ADORA1",
        "ADORA2A",
        "ADORA2B",
        "ADORA3",
        "ADRA1A",
        "ADRA1B",
        "ADRA1D",
        "ADRA2A",
        "ADRA2B",
        "ADRA2C",
        "ADRB1",
        "ADRB2",
        "ADRB3",
        "ADRBK1",
        "AGER",
        "AGPAT2",
        "AGTR1",
        "AGTR1A",
        "AGTR1B",
        "AGTR2",
        "AHCY",
        "AHR",
        "AKP3",
        "AKR1A1",
        "AKR1B1",
        "AKR1B10",
        "AKR1C1",
        "AKR1C2",
        "AKR1C3",
        "AKT1",
        "AKT2",
        "AKT3",
        "ALB",
        "ALDH1A1",
        "ALDH2",
        "ALDH3A1",
        "ALK",
        "ALKBH3",
        "ALOX12",
        "ALOX15",
        "ALOX15B",
        "ALOX5",
        "ALOX5AP",
        "ALPI",
        "ALPL",
        "ALPPL2",
        "AMD1",
        "AMPD2",
        "AMPD3",
        "ANKK1",
        "ANPEP",
        "AOC3",
        "APAF1",
        "APEX1",
        "APLNR",
        "APOB",
        "APOBEC3A",
        "APOBEC3F",
        "APOBEC3G",
        "APP",
        "AR",
        "ASAH1",
        "ASIC3",
        "ATAD5",
        "ATG4B",
        "ATM",
        "ATR",
        "ATXN2",
        "AURKA",
        "AURKB",
        "AURKC",
        "AVPR1A",
        "AVPR1B",
        "AVPR2",
        "AXL",
        "BACE1",
        "BACE2",
        "BAD",
        "BAP1",
        "BAZ2B",
        "BCHE",
        "BCL2",
        "BCL2A1",
        "BCL2A1A",
        "BCL2L1",
        "BCL2L2",
        "BDKRB1",
        "BDKRB2",
        "BIRC2",
        "BIRC3",
        "BIRC5",
        "BLK",
        "BLM",
        "BMP1",
        "BMP2K",
        "BMP4",
        "BMPR1B",
        "BMPR2",
        "BMX",
        "BRAF",
        "BRCA1",
        "BRD2",
        "BRD3",
        "BRD4",
        "BRS3",
        "BRSK1",
        "BRSK2",
        "BTK",
        "C1R",
        "C1S",
        "C3AR1",
        "C5AR1",
        "CA1",
        "CA12",
        "CA13",
        "CA14",
        "CA2",
        "CA3",
        "CA4",
        "CA5A",
        "CA5B",
        "CA6",
        "CA7",
        "CA9",
        "CACNA1B",
        "CACNA1C",
        "CACNA1D",
        "CACNA1G",
        "CACNA1H",
        "CACNA1I",
        "CACNA1S",
        "CACNA2D1",
        "CACNA2D2",
        "CALCRL",
        "CAMK1",
        "CAMK1D",
        "CAMK1G",
        "CAMK2A",
        "CAMK2B",
        "CAMK2D",
        "CAMK2G",
        "CAMK4",
        "CAMKK1",
        "CAMKK2",
        "CAPN1",
        "CAPN2",
        "CAR13",
        "CAR15",
        "CARM1",
        "CASP1",
        "CASP2",
        "CASP3",
        "CASP6",
        "CASP7",
        "CASP8",
        "CASP9",
        "CASR",
        "CBX1",
        "CBX7",
        "CCKAR",
        "CCKBR",
        "CCL2",
        "CCL5",
        "CCR1",
        "CCR2",
        "CCR3",
        "CCR4",
        "CCR5",
        "CCR8",
        "CD22",
        "CD74",
        "CDC25A",
        "CDC25B",
        "CDC25C",
        "CDC42BPA",
        "CDC42BPB",
        "CDC7",
        "CDK1",
        "CDK14",
        "CDK16",
        "CDK17",
        "CDK18",
        "CDK19",
        "CDK2",
        "CDK3",
        "CDK4",
        "CDK5",
        "CDK6",
        "CDK7",
        "CDK8",
        "CDK9",
        "CDKL2",
        "CENPE",
        "CES1",
        "CES2",
        "CETP",
        "CFTR",
        "CGA",
        "CHAT",
        "CHEK1",
        "CHEK2",
        "CHKA",
        "CHRM1",
        "CHRM2",
        "CHRM3",
        "CHRM4",
        "CHRM5",
        "CHRNA10",
        "CHRNA3",
        "CHRNA4",
        "CHRNA6",
        "CHRNA7",
        "CHUK",
        "CIT",
        "CLK1",
        "CLK2",
        "CLK3",
        "CLK4",
        "CMA1",
        "CNR1",
        "CNR2",
        "COMT",
        "COPS5",
        "CPA1",
        "CPB1",
        "CPB2",
        "CREBBP",
        "CRHR1",
        "CSF1R",
        "CSGALNACT1",
        "CSK",
        "CSNK1A1",
        "CSNK1D",
        "CSNK1E",
        "CSNK1G1",
        "CSNK1G2",
        "CSNK1G3",
        "CSNK2A1",
        "CSNK2A2",
        "CTBP1",
        "CTDSP1",
        "CTNNB1",
        "CTRB1",
        "CTRC",
        "CTSA",
        "CTSB",
        "CTSC",
        "CTSD",
        "CTSE",
        "CTSF",
        "CTSG",
        "CTSH",
        "CTSK",
        "CTSL",
        "CTSS",
        "CTSV",
        "CX3CR1",
        "CXCL8",
        "CXCR1",
        "CXCR2",
        "CXCR3",
        "CXCR4",
        "CYBB",
        "CYP11B1",
        "CYP11B2",
        "CYP17A1",
        "CYP19A1",
        "CYP1A1",
        "CYP1A2",
        "CYP1B1",
        "CYP24A1",
        "CYP26A1",
        "CYP2A6",
        "CYP2B6",
        "CYP2C19",
        "CYP2C8",
        "CYP2C9",
        "CYP2D6",
        "CYP2J2",
        "CYP3A4",
        "CYP51A1",
        "CYSLTR1",
        "DAGLA",
        "DAO",
        "DAPK1",
        "DAPK2",
        "DAPK3",
        "DCK",
        "DCLK1",
        "DCLK2",
        "DCLK3",
        "DCLRE1C",
        "DDIT3",
        "DDR1",
        "DDR2",
        "DGAT1",
        "DHFR",
        "DHFRP1",
        "DHODH",
        "DLG4",
        "DMPK",
        "DNM1",
        "DNMT1",
        "DOT1L",
        "DPEP1",
        "DPP4",
        "DPP7",
        "DPP8",
        "DPP9",
        "DRD1",
        "DRD2",
        "DRD3",
        "DRD4",
        "DRD5",
        "DSTYK",
        "DUSP3",
        "DUSP6",
        "DUT",
        "DYRK1A",
        "DYRK1B",
        "DYRK2",
        "DYRK3",
        "DYRK4",
        "EBP",
        "ECE1",
        "EDNRA",
        "EDNRB",
        "EEF2K",
        "EGFR",
        "EGLN1",
        "EGLN2",
        "EGLN3",
        "EHMT2",
        "EIF2AK1",
        "EIF2AK2",
        "EIF2AK3",
        "EIF2AK4",
        "EIF4A1",
        "EIF4E",
        "EIF4H",
        "ELANE",
        "ELOVL6",
        "ENPEP",
        "ENPP2",
        "EP300",
        "EPAS1",
        "EPHA1",
        "EPHA2",
        "EPHA3",
        "EPHA4",
        "EPHA5",
        "EPHA6",
        "EPHA7",
        "EPHA8",
        "EPHB1",
        "EPHB2",
        "EPHB3",
        "EPHB4",
        "EPHB6",
        "EPHX1",
        "EPHX2",
        "ERAP1",
        "ERBB2",
        "ERBB3",
        "ERBB4",
        "ERCC5",
        "ERG",
        "ERN1",
        "ESR1",
        "ESR2",
        "ESRRA",
        "ESRRB",
        "EYA2",
        "EZH2",
        "F10",
        "F11",
        "F12",
        "F13A1",
        "F2",
        "F2R",
        "F2RL1",
        "F3",
        "F7",
        "F9",
        "FAAH",
        "FABP3",
        "FABP4",
        "FAP",
        "FAS",
        "FASN",
        "FBP1",
        "FCER2",
        "FDFT1",
        "FDPS",
        "FEN1",
        "FER",
        "FES",
        "FFAR1",
        "FFAR2",
        "FFAR4",
        "FGFR1",
        "FGFR2",
        "FGFR3",
        "FGFR4",
        "FGR",
        "FKBP1A",
        "FKBP5",
        "FLT1",
        "FLT3",
        "FLT4",
        "FOLH1",
        "FPGS",
        "FPR1",
        "FPR2",
        "FRK",
        "FSHR",
        "FUCA1",
        "FURIN",
        "FYN",
        "G6PD",
        "GAA",
        "GABRA1",
        "GABRA2",
        "GABRA3",
        "GABRA5",
        "GAK",
        "GALK1",
        "GALR1",
        "GALR2",
        "GALR3",
        "GAPDH",
        "GART",
        "GBA",
        "GBA2",
        "GCGR",
        "GCK",
        "GCKR",
        "GFER",
        "GGPS1",
        "GHRHR",
        "GHRL",
        "GHSR",
        "GIPR",
        "GLA",
        "GLI1",
        "GLO1",
        "GLP1R",
        "GLRA1",
        "GLS",
        "GMNN",
        "GNAS",
        "GNRHR",
        "GPBAR1",
        "GPR119",
        "GPR142",
        "GPR17",
        "GPR183",
        "GPR32",
        "GPR35",
        "GPR55",
        "GRB2",
        "GRIA1",
        "GRIA2",
        "GRIA3",
        "GRIA4",
        "GRIK1",
        "GRIK2",
        "GRIK3",
        "GRIK5",
        "GRIN1",
        "GRIN2B",
        "GRIN2C",
        "GRIN2D",
        "GRK1",
        "GRK4",
        "GRK5",
        "GRK6",
        "GRK7",
        "GRM1",
        "GRM2",
        "GRM3",
        "GRM4",
        "GRM5",
        "GRM6",
        "GRM7",
        "GRM8",
        "GRPR",
        "GSG2",
        "GSK3A",
        "GSK3B",
        "GSR",
        "GSTM1",
        "GSTP1",
        "GUSB",
        "GYS1",
        "GZMB",
        "HAO2",
        "HBB",
        "HCAR2",
        "HCAR3",
        "HCK",
        "HCN1",
        "HCN4",
        "HCRTR1",
        "HCRTR2",
        "HDAC1",
        "HDAC10",
        "HDAC11",
        "HDAC2",
        "HDAC3",
        "HDAC4",
        "HDAC5",
        "HDAC6",
        "HDAC7",
        "HDAC8",
        "HDAC9",
        "HIF1A",
        "HIPK1",
        "HIPK2",
        "HIPK3",
        "HIPK4",
        "HKDC1",
        "HLA-A",
        "HLA-DRB1",
        "HMGCR",
        "HMOX1",
        "HMOX2",
        "HNF4A",
        "HNMT",
        "HPGD",
        "HPGDS",
        "HPRT1",
        "HPSE",
        "HRAS",
        "HRH1",
        "HRH2",
        "HRH3",
        "HRH4",
        "HSD11B1",
        "HSD11B2",
        "HSD17B1",
        "HSD17B10",
        "HSD17B2",
        "HSD17B3",
        "HSD17B7",
        "HSF1",
        "HSP90AA1",
        "HSP90AB1",
        "HSP90B1",
        "HSPA5",
        "HTR1A",
        "HTR1B",
        "HTR1D",
        "HTR1E",
        "HTR1F",
        "HTR2A",
        "HTR2B",
        "HTR2C",
        "HTR3A",
        "HTR4",
        "HTR5A",
        "HTR6",
        "HTR7",
        "HTT",
        "IARS",
        "ICAM1",
        "ICK",
        "ICMT",
        "IDE",
        "IDH1",
        "IDO1",
        "IGF1R",
        "IGFBP3",
        "IKBKB",
        "IKBKE",
        "IL5",
        "IMPA1",
        "IMPDH1",
        "IMPDH2",
        "INSR",
        "INSRR",
        "IRAK1",
        "IRAK3",
        "IRAK4",
        "ITGA2B",
        "ITGA4",
        "ITGAL",
        "ITGAV",
        "ITK",
        "ITPR1",
        "JAK1",
        "JAK2",
        "JAK3",
        "JMJD7-PLA2G4B",
        "JUN",
        "KARS",
        "KAT2A",
        "KAT2B",
        "KCNA3",
        "KCNA5",
        "KCNH2",
        "KCNJ1",
        "KCNJ11",
        "KCNJ2",
        "KCNK3",
        "KCNMA1",
        "KCNN3",
        "KCNN4",
        "KCNQ1",
        "KCNQ2",
        "KDM1A",
        "KDM4A",
        "KDM4C",
        "KDM4E",
        "KDR",
        "KHDRBS1",
        "KHK",
        "KIF11",
        "KISS1R",
        "KIT",
        "KLF5",
        "KLK1",
        "KLK3",
        "KLK5",
        "KLK7",
        "KLKB1",
        "KMO",
        "KMT2A",
        "KPNA2",
        "L3MBTL1",
        "L3MBTL3",
        "LAP3",
        "LARGE",
        "LATS2",
        "LCK",
        "LDHA",
        "LDHB",
        "LDLR",
        "LGALS3",
        "LGMN",
        "LHCGR",
        "LIMK1",
        "LIMK2",
        "LIPE",
        "LIPG",
        "LMNA",
        "LNPEP",
        "LOC400927-CSNK1E",
        "LPAR1",
        "LPAR2",
        "LPAR3",
        "LRRK2",
        "LSS",
        "LTA4H",
        "LTB4R",
        "LTK",
        "LYN",
        "MAG",
        "MAOA",
        "MAOB",
        "MAP2K1",
        "MAP2K2",
        "MAP2K3",
        "MAP2K4",
        "MAP2K5",
        "MAP2K6",
        "MAP2K7",
        "MAP3K10",
        "MAP3K11",
        "MAP3K12",
        "MAP3K13",
        "MAP3K14",
        "MAP3K19",
        "MAP3K2",
        "MAP3K3",
        "MAP3K4",
        "MAP3K5",
        "MAP3K7",
        "MAP3K8",
        "MAP3K9",
        "MAP4K1",
        "MAP4K2",
        "MAP4K3",
        "MAP4K4",
        "MAP4K5",
        "MAPK1",
        "MAPK10",
        "MAPK11",
        "MAPK12",
        "MAPK13",
        "MAPK14",
        "MAPK15",
        "MAPK3",
        "MAPK7",
        "MAPK8",
        "MAPK9",
        "MAPKAPK2",
        "MAPKAPK3",
        "MAPKAPK5",
        "MAPT",
        "MARK1",
        "MARK2",
        "MARK3",
        "MARK4",
        "MARS",
        "MATK",
        "MBNL1",
        "MBTPS1",
        "MC1R",
        "MC3R",
        "MC4R",
        "MC5R",
        "MCHR1",
        "MCHR2",
        "MCL1",
        "MCOLN3",
        "MDM2",
        "MELK",
        "MEN1",
        "MERTK",
        "MET",
        "METAP1",
        "METAP2",
        "MGAM",
        "MGAT2",
        "MGLL",
        "MGMT",
        "MIF",
        "MINK1",
        "MITF",
        "MKNK1",
        "MKNK2",
        "MLLT3",
        "MLNR",
        "MLYCD",
        "MME",
        "MMP1",
        "MMP11",
        "MMP12",
        "MMP13",
        "MMP14",
        "MMP15",
        "MMP16",
        "MMP2",
        "MMP3",
        "MMP7",
        "MMP8",
        "MMP9",
        "MOGAT2",
        "MPHOSPH8",
        "MPI",
        "MPL",
        "MPO",
        "MRGPRX1",
        "MST1R",
        "MTAP",
        "MTNR1A",
        "MTNR1B",
        "MTOR",
        "MTTP",
        "MUSK",
        "MYLK",
        "MYLK2",
        "MYLK3",
        "MYLK4",
        "NAAA",
        "NAMPT",
        "NAT1",
        "NAT2",
        "NCEH1",
        "NCF1",
        "NCOA1",
        "NCOA3",
        "NEK1",
        "NEK2",
        "NEK3",
        "NEK4",
        "NEK6",
        "NEK7",
        "NEK9",
        "NFE2L2",
        "NFKB1",
        "NFKBIA",
        "NIACR1",
        "NISCH",
        "NLK",
        "NLRP3",
        "NMBR",
        "NMT1",
        "NOD1",
        "NOD2",
        "NOS1",
        "NOS2",
        "NOS3",
        "NOX1",
        "NOX4",
        "NPBWR1",
        "NPC1",
        "NPC1L1",
        "NPFFR1",
        "NPFFR2",
        "NPSR1",
        "NPY1R",
        "NPY2R",
        "NPY5R",
        "NQO1",
        "NQO2",
        "NR0B1",
        "NR1D1",
        "NR1H2",
        "NR1H3",
        "NR1H4",
        "NR1I2",
        "NR2E3",
        "NR2F2",
        "NR3C1",
        "NR3C2",
        "NR4A1",
        "NR5A1",
        "NR5A2",
        "NRP1",
        "NT5E",
        "NTRK1",
        "NTRK2",
        "NTRK3",
        "NTSR1",
        "NTSR2",
        "NUAK1",
        "NUAK2",
        "OPRD1",
        "OPRK1",
        "OPRL1",
        "OPRM1",
        "OXER1",
        "OXGR1",
        "OXTR",
        "P2RX1",
        "P2RX2",
        "P2RX3",
        "P2RX4",
        "P2RX7",
        "P2RY1",
        "P2RY12",
        "P2RY14",
        "P2RY2",
        "P2RY4",
        "P2RY6",
        "P4HB",
        "PABPC1",
        "PADI1",
        "PADI2",
        "PADI3",
        "PADI4",
        "PAK1",
        "PAK2",
        "PAK3",
        "PAK4",
        "PAK6",
        "PAK7",
        "PAM",
        "PARP1",
        "PARP2",
        "PASK",
        "PAX8",
        "PBK",
        "PCK1",
        "PCNA",
        "PCSK6",
        "PDE10A",
        "PDE11A",
        "PDE1C",
        "PDE2A",
        "PDE3A",
        "PDE3B",
        "PDE4A",
        "PDE4B",
        "PDE4C",
        "PDE4D",
        "PDE5A",
        "PDE6A",
        "PDE6D",
        "PDE7A",
        "PDE8B",
        "PDE9A",
        "PDF",
        "PDGFRA",
        "PDGFRB",
        "PDK1",
        "PDPK1",
        "PFDN6",
        "PGA5",
        "PGC",
        "PGGT1B",
        "PGR",
        "PHKG1",
        "PHKG2",
        "PHOSPHO1",
        "PI4KA",
        "PI4KB",
        "PIK3C2B",
        "PIK3CA",
        "PIK3CB",
        "PIK3CD",
        "PIK3CG",
        "PIM1",
        "PIM2",
        "PIM3",
        "PIN1",
        "PIP4K2A",
        "PIP4K2B",
        "PIP4K2C",
        "PIP5K1A",
        "PKD2",
        "PKLR",
        "PKM",
        "PKN1",
        "PKN2",
        "PLA2G10",
        "PLA2G1B",
        "PLA2G2A",
        "PLA2G4A",
        "PLA2G5",
        "PLA2G7",
        "PLAT",
        "PLAU",
        "PLAUR",
        "PLD1",
        "PLD2",
        "PLEC",
        "PLG",
        "PLIN1",
        "PLK1",
        "PLK2",
        "PLK3",
        "PLK4",
        "PMP22",
        "PNMT",
        "PNP",
        "POLA1",
        "POLB",
        "POLH",
        "POLI",
        "POLK",
        "PORCN",
        "PPARA",
        "PPARD",
        "PPARG",
        "PPIA",
        "PPOX",
        "PPP1CA",
        "PPP5C",
        "PRCP",
        "PREP",
        "PRF1",
        "PRKAA1",
        "PRKAA2",
        "PRKACA",
        "PRKCA",
        "PRKCB",
        "PRKCD",
        "PRKCE",
        "PRKCG",
        "PRKCH",
        "PRKCI",
        "PRKCQ",
        "PRKCZ",
        "PRKD1",
        "PRKD2",
        "PRKD3",
        "PRKDC",
        "PRKG1",
        "PRKG2",
        "PRKX",
        "PRMT3",
        "PRNP",
        "PROC",
        "PROKR1",
        "PRSS1",
        "PRSS8",
        "PSEN1",
        "PSMB1",
        "PSMB2",
        "PSMB5",
        "PSMB8",
        "PSMD14",
        "PTAFR",
        "PTBP1",
        "PTGDR",
        "PTGDR2",
        "PTGDS",
        "PTGER1",
        "PTGER2",
        "PTGER3",
        "PTGER4",
        "PTGES",
        "PTGES2",
        "PTGFR",
        "PTGIR",
        "PTGS1",
        "PTGS2",
        "PTH1R",
        "PTK2",
        "PTK2B",
        "PTK6",
        "PTPN1",
        "PTPN11",
        "PTPN12",
        "PTPN2",
        "PTPN22",
        "PTPN5",
        "PTPN6",
        "PTPN7",
        "PTPRA",
        "PTPRB",
        "PTPRC",
        "PTPRF",
        "PYGL",
        "PYGM",
        "QPCT",
        "QRFPR",
        "RAB9A",
        "RAC1",
        "RACGAP1",
        "RAD51",
        "RAD52",
        "RAD54L",
        "RAF1",
        "RAPGEF3",
        "RAPGEF4",
        "RARA",
        "RARB",
        "RARG",
        "RASGRP3",
        "RBP4",
        "RCE1",
        "RECQL",
        "RELA",
        "REN",
        "RET",
        "RGS12",
        "RGS16",
        "RGS19",
        "RGS4",
        "RGS7",
        "RGS8",
        "RHOA",
        "RIOK1",
        "RIOK2",
        "RIOK3",
        "RIPK1",
        "RIPK2",
        "RIPK4",
        "ROCK1",
        "ROCK2",
        "RORA",
        "RORB",
        "RORC",
        "ROS1",
        "RPS6KA1",
        "RPS6KA2",
        "RPS6KA3",
        "RPS6KA4",
        "RPS6KA5",
        "RPS6KA6",
        "RPS6KB1",
        "RXFP1",
        "RXFP2",
        "RXRA",
        "RXRB",
        "RXRG",
        "S100A4",
        "S1PR1",
        "S1PR2",
        "S1PR3",
        "S1PR4",
        "S1PR5",
        "SBK1",
        "SCARB1",
        "SCD",
        "SCD1",
        "SCN10A",
        "SCN2A",
        "SCN4A",
        "SCN5A",
        "SCN9A",
        "SCNN1A",
        "SELE",
        "SELL",
        "SELP",
        "SENP1",
        "SENP6",
        "SENP7",
        "SENP8",
        "SERPINE1",
        "SFRP1",
        "SGK1",
        "SGK2",
        "SGK3",
        "SHBG",
        "SHH",
        "SI",
        "SIGMAR1",
        "SIK1",
        "SIK2",
        "SIRT1",
        "SIRT2",
        "SIRT3",
        "SLC10A1",
        "SLC10A2",
        "SLC11A2",
        "SLC12A5",
        "SLC16A1",
        "SLC18A2",
        "SLC18A3",
        "SLC1A1",
        "SLC1A2",
        "SLC1A3",
        "SLC22A1",
        "SLC22A12",
        "SLC22A2",
        "SLC22A6",
        "SLC27A1",
        "SLC27A4",
        "SLC29A1",
        "SLC47A1",
        "SLC5A1",
        "SLC5A2",
        "SLC5A4",
        "SLC5A7",
        "SLC6A1",
        "SLC6A2",
        "SLC6A3",
        "SLC6A4",
        "SLC6A5",
        "SLC6A9",
        "SLC9A1",
        "SLCO1B1",
        "SLCO1B3",
        "SLCO2B1",
        "SLK",
        "SMAD3",
        "SMG1",
        "SMN1",
        "SMN2",
        "SMO",
        "SMPD1",
        "SNCA",
        "SOAT1",
        "SOAT2",
        "SORD",
        "SORT1",
        "SPHK1",
        "SPHK2",
        "SQLE",
        "SRC",
        "SRD5A1",
        "SRD5A2",
        "SRMS",
        "SRPK1",
        "SRPK2",
        "SRPK3",
        "SSTR1",
        "SSTR2",
        "SSTR3",
        "SSTR4",
        "SSTR5",
        "ST14",
        "STAT1",
        "STAT3",
        "STAT6",
        "STK10",
        "STK11",
        "STK16",
        "STK17A",
        "STK17B",
        "STK24",
        "STK25",
        "STK26",
        "STK3",
        "STK33",
        "STK35",
        "STK36",
        "STK4",
        "STS",
        "SUCNR1",
        "SUMO1",
        "SUMO2",
        "SYK",
        "TAAR1",
        "TACR1",
        "TACR2",
        "TACR3",
        "TAOK1",
        "TAOK2",
        "TAOK3",
        "TARDBP",
        "TBK1",
        "TBXA2R",
        "TBXAS1",
        "TDP1",
        "TDP2",
        "TEC",
        "TEK",
        "TERT",
        "TESK1",
        "TGFBR1",
        "TGFBR2",
        "TGM1",
        "TGM2",
        "THPO",
        "THRA",
        "THRB",
        "TIE1",
        "TK1",
        "TK2",
        "TKT",
        "TLK2",
        "TLR2",
        "TLR4",
        "TLR7",
        "TLR8",
        "TLR9",
        "TMPRSS11D",
        "TMPRSS15",
        "TMPRSS6",
        "TNF",
        "TNFRSF1A",
        "TNIK",
        "TNK1",
        "TNK2",
        "TNKS",
        "TNKS2",
        "TNNI3K",
        "TOP1",
        "TOP2A",
        "TP53",
        "TPH1",
        "TPP2",
        "TPSAB1",
        "TRAP1",
        "TRHR",
        "TRPA1",
        "TRPC3",
        "TRPC4",
        "TRPC6",
        "TRPM8",
        "TRPV1",
        "TRPV4",
        "TSG101",
        "TSHR",
        "TSPO",
        "TSSK1B",
        "TSSK2",
        "TTK",
        "TTR",
        "TUBB1",
        "TXK",
        "TXNRD1",
        "TYK2",
        "TYMP",
        "TYMS",
        "TYR",
        "TYRO3",
        "UBE2N",
        "UGCG",
        "UGT2B7",
        "ULK1",
        "ULK2",
        "ULK3",
        "UPP1",
        "USP1",
        "USP2",
        "UTS2",
        "UTS2R",
        "VCAM1",
        "VCP",
        "VDR",
        "VIPR1",
        "VRK2",
        "WDR5",
        "WEE1",
        "WHSC1",
        "WNK2",
        "WNK3",
        "WNT3",
        "WNT3A",
        "WRN",
        "XBP1",
        "XDH",
        "XIAP",
        "YARS",
        "YES1",
        "ZAK",
        "ZAP70"
    ],
    "test": false,
    "test_fold_index": null,
    "train_data_size": null,
    "undirected": false,
    "use_input_features": false,
    "val_fold_index": null,
    "warmup_epochs": 2.0
}